{
    "M_PILPC_C4 M_PILPC_C4H1": [
        [0.129803, 0.02]
    ],
    "M_PILPC_C4 M_PILPC_C4H2": [
        [0.129803, 0.02]
    ],
    "M_PILPC_C5 M_PILPC_C5H1": [
        [0.102754, 0.02]
    ],
    "M_PILPC_C5 M_PILPC_C5H2": [
        [0.102754, 0.02]
    ],
    "M_PILPC_C6 M_PILPC_C6H1": [
        [0.0755206, 0.02]
    ],
    "M_PILPC_C6 M_PILPC_C6H2": [
        [0.0755206, 0.02]
    ],
    "M_PILPC_C7 M_PILPC_C7H1": [
        [0.0414542, 0.02]
    ],
    "M_PILPC_C7 M_PILPC_C7H2": [
        [0.0414542, 0.02]
    ],
    "M_PILPC_C8 M_PILPC_C8H1": [
        [0.0101582, 0.02]
    ],
    "M_PILPC_C8 M_PILPC_C8H2": [
        [0.0101582, 0.02]
    ],
    "M_PILPC_C9 M_PILPC_C9H1": [
        [0.0405323, 0.02]
    ],
    "M_PILPC_C9 M_PILPC_C9H2": [
        [0.0405323, 0.02]
    ],
    "M_PILPC_C10 M_PILPC_C10H1": [
        [0.0123735, 0.02]
    ],
    "M_PILPC_C10 M_PILPC_C10H2": [
        [0.0123735, 0.02]
    ],
    "M_PILPC_C11 M_PILPC_C11H1": [
        [0.0589959, 0.02]
    ],
    "M_PILPC_C11 M_PILPC_C11H2": [
        [0.0589959, 0.02]
    ],
    "M_PILPC_C14 M_PILPC_C14H1": [
        [0.0934342, 0.02]
    ],
    "M_PILPC_C14 M_PILPC_C14H2": [
        [0.0934342, 0.02]
    ],
    "M_PILPC_C18 M_PILPC_C18H1": [
        [0.0193881, 0.02]
    ],
    "M_PILPC_C18 M_PILPC_C18H2": [
        [0.0193881, 0.02]
    ]
}